"","Orbis ID number","BvD ID number","Company name Latin alphabet","country"
"1","009437649","DK11666779","A.P. MOLLER OG HUSTRU CHASTINE MC-KINNEY MOLLERS FOND TIL ALMENE F","DK"
"2","463356362","FR879185791","MERIT FRANCE","FR"
"3","003039855","ESA78374725","REPSOL SA.","ES"
"4","044816376","KR1101113710385","SK INNOVATION CO., LTD.","KR"
"5","049496367","IL30234GE","EL AL ISRAEL AIRLINES LTD","IL"
"6","009436772","BE0860402767","CMB.TECH NV","BE"
"7","173959396","FR662042449","BNP PARIBAS","FR"
"8","255708407","GB09818726","TORM PLC","GB"
"9","537718975","CL775390840","NAVIERA ULTRANAV DOS LIMITADA","CL"
"10","000003619","US940890210","CHEVRON CORPORATION","US"
"11","011212252","GB04366849","SHELL PLC","GB"
"12","009578930","NO985459614","HOEGH AUTOLINERS ASA","NO"
"13","003902763","GB00102498","BP PLC","GB"
"14","187695688","JP4010401082896","MITSUI OSK LINES LIMITED","JP"
"15","012494441","FI18523029","NESTE OYJ","FI"
"16","003020825","ESA36648939","GRUPO NOSA TERRA 21, SA","ES"
"17","062124020","NO991184104","TALLYMAN AS","NO"
"18","046758449","IR30022GN","ISLAMIC REPUBLIC OF IRAN SHIPPING LINES PUBLIC JOINT STOCK COMPANY","IR"
"19","152626220","LULB161486","C. VRAC S.A.","LU"
"20","050559161","IT00117240820","GRIMALDI GROUP S.P.A.","IT"
"21","568265620","TW89191740","CLASSIC HOLDINGS CO., LTD.","TW"
"22","073452129","CN*J00S4140","GOVERNMENT OF CHINA","CN"
"23","002875243","DK15453613","LAURITZEN FONDEN","DK"
"24","073189491","AE0000112717","GOVERNMENT OF DUBAI","AE"
"25","580015669","GB14921313","SPRINGFIELD SHIPPING LIMITED","GB"
"26","005313930","IT00768720823","D'AMICO SOCIETA' DI NAVIGAZIONE S.P.A.","IT"
"27","109937826","IS6904090460","EIMSKIPAFELAG ISLANDS HF.","IS"
"28","049602731","LR0000035419","OCEANIA HOLDINGS LTD","LR"
"29","228115372","KY00502FH","CK HUTCHISON HOLDINGS LIMITED","KY"
"30","006530196","TW11337775","EVERGREEN MARINE CORP. (TAIWAN) LTD.","TW"
"31","005621562","NO945883294","SOLSTAD OFFSHORE ASA","NO"
"32","005706169","NO982763150","NESTTUN INVEST AS","NO"
"33","084198003","NL50313711","STICHTING TENEBO","NL"
"34","000733488","US592459427","WORLD KINECT CORPORATION","US"
"35","005551983","NL33221133","UNITED EUROPEAN CAR CARRIERS B.V.","NL"
"36","007860093","CA90013NC","BROOKFIELD CORPORATION","CA"
"37","060407966","BM30004WN","HAL TRUST","BM"
"38","133994775","PL012149187","GOVERNEMENT OF THE REPUBLIC OF POLAND - MINISTERSTWO SKARBU PANSTWA","PL"
"39","109959149","LR0000039958","EBSWORTH HOLDINGS LIMITED","LR"
"40","049345302","KW0000380008","GOVERNMENT OF KUWAIT","KW"
"41","008326672","BE0404616494","ACKERMANS & VAN HAAREN NV","BE"
"42","495479188","BM55200R","DRYLOG TRADING LTD.","BM"
"43","002988903","EE10682650","BALTIC MARITIME LOGISTICS GROUP AS","EE"
"44","035525372","NL24420592","SAMSKIP HOLDING B.V.","NL"
"45","476081588","FR789002300","ANTIN INFRASTRUCTURE PARTNERS S.A.","FR"
"46","147914908","DKFO5797","SP/F SKANSABREKKA","DK"
"47","007566944","FI15477987","ASPO OYJ","FI"
"48","058528597","FR*J00S1080","GOVERNMENT OF FRANCE","FR"
"49","050496743","LULB73465","CLDN LINKS S.A.","LU"
"50","587462661","YY*110354514053","THE CSL GROUP INC. & LE GROUPE CSL INC.","n.a."
"51","002315891","DE2150036218","ROB. M. SLOMAN & CO. OHG","DE"
"52","158491198","YY*B000086250","LOCARNO MARITIME CO","n.a."
"53","007756315","PT504499777","GALP ENERGIA SGPS S.A.","PT"
"54","003165405","FI01120389","NOKIA OYJ","FI"
"55","391688023","DKGL39951347","FORMANDENS DEPARTEMENT","DK"
"56","387141338","TR187737F","AKARLAR DENIZCILIK ISLETMESI SANAYI VE TICARET ANONIM SIRKETI","TR"
"57","322576871","US472564547","SEACOR MARINE HOLDINGS INC.","US"
"58","499675052","YY*110313175390","BEHOLDING LIMITED","n.a."
"59","710304144","GRLEI1865046","PRIME TANKER MANAGEMENT INC.","GR"
"60","420522901","FR853908853","SOCIETE PHOCEENNE DE PARTICIPATIONS","FR"
"61","048802707","BM25298R","BORLINES LTD.","BM"
"62","002235198","CHCHE107910760","MSC MEDITERRANEAN SHIPPING COMPANY HOLDING SA","CH"
"63","376811439","BE*110180063837","HERFURTH GROUP","BE"
"64","005090835","LULB43172","SUBSEA 7 SA","LU"
"65","051056953","JP7010001023785","NIPPON YUSEN KABUSHIKI KAISHA","JP"
"66","342905850","TR*D00418339","ARKAS DENIZ YATIRIMLARI A.S.","TR"
"67","011197310","ESB83135400","GRUPO LOGISTICO SUARDIAZ SL","ES"
"68","196478185","LR0000025148","ARKTOS HOLDINGS LTD.","LR"
"69","005647390","NO967344648","ROFISK AS","NO"
"70","492227803","BE0758906422","BRICAPITAL","BE"
"71","297499306","IT09160710969","ORSERO S.P.A.","IT"
"72","008718510","NO984851006","DNB BANK ASA","NO"
"73","078682632","BS69767B","CLIPPER GROUP LTD","BS"
"74","006278885","SE5565578571","J'A KJELLBERG & SOENER AKTIEBOLAG","SE"
"75","574405670","LULB276329","IIF INT'L HOLDING SCSP","LU"
"76","050121032","VG*D00341672","STERLINGWOOD LTD","VG"
"77","051056656","JP8140001005720","KAWASAKI KISEN KAISHA LTD","JP"
"78","156907746","MH30019AQ","NAVIGATOR HOLDINGS LTD","MH"
"79","465368160","GB12374117","ORCA MARINE LEISURE GROUP LIMITED","GB"
"80","005490838","NL24123686","VERTOM B.V.","NL"
"81","050147038","IE*B000075667","MINISTER FOR TRANSPORT","IE"
"82","002662393","DE7050000100","HEIDELBERG MATERIALS AG","DE"
"83","005598323","NO917853002","WEST COAST INVEST HOLDING AS","NO"
"84","000007250","US720487776","TIDEWATER INC.","US"
"85","572972252","GB14702834","CGL TRUSTEE LIMITED","GB"
"86","565737321","DK43726889","CB DK HOLDING APS","DK"
"87","081313660","CHCHE112103185","DAN HOLDING SA","CH"
"88","004486475","GB03033654","CENTRICA PLC","GB"
"89","008301113","GB30136EX","ISLE OF MAN STEAM PACKET COMPANY LTD","GB"
"90","007585349","DE4250246435","RETHMANN SE & CO. KG","DE"
"91","254436905","BE0638774791","SOLITAIRE TRANSPORT CHARTERING","BE"
"92","582902570","NOLEI2121439","EITZEN AVANTI AS","NO"
"93","041137333","DE2150879460","DÖHLE BULK GMBH & CO. KG","DE"
"94","401522609","PT515170046","OCEAN HORSE - OPERACOES MARITIMAS E PORTUARIAS, S.A.","PT"
"95","005610835","NO935349230","DOF ASA","NO"
"96","042317711","KY*B000057866","PEEL PORTS HOLDINGS (CI) LTD","KY"
"97","531219705","KY*Z00513685","STONEPEAK INFRASTRUCTURE FUND IV CAYMAN (AIV III) LP","KY"
"98","004247008","GB02286034","BRAEMAR PLC","GB"
"99","003909116","GB00211475","FISHER (JAMES) & SONS PLC","GB"
"100","049096846","DK58233528","DSV A/S","DK"
"101","036809560","AU122169279","MACQUARIE GROUP LIMITED","AU"
"102","005675190","NO979366256","HAVILA HOLDING AS","NO"
"103","568080210","ESB72939812","GLOBAL ZARATHOS MARITIME SL.","ES"
"104","670044711","IE*110364415523","IQEQ FUND MANAGEMENT (IRELAND) LIMITED","IE"
"105","053727113","JP8010003015202","ENUARUESUHORUDINGUSU KK","JP"
"106","061886280","FR498719459","PACEMAR","FR"
"107","035667923","GB02234775","INTERMEDIATE CAPITAL GROUP PLC","GB"
"108","622898079","GB*B000167329","ENERGOS INFRASTRUCTURE OPERATING LLC","GB"
"109","084916445","BM36122R","LIBRA HOLDINGS LIMITED","BM"
"110","346902614","GBJE124073","RED FUNNEL HOLDINGS LIMITED","GB"
"111","546942533","YY*B000143514","SPRING MARINE MANAGEMENT SA","n.a."
"112","012128550","NO986529551","AKASTOR ASA","NO"
"113","005307372","IT00180880452","FINTIRRENA - SOCIETA' A RESPONSABILITA' LIMITATA","IT"
"114","059972216","DEFEB13216","DEUTSCHE BANK AG","DE"
"115","136675968","NO998502047","EDDA ACCOMMODATION HOLDING AS","NO"
"116","015831739","NL24395111","ROLLDOCK B.V.","NL"
"117","005294453","IT05331550631","CAFIERO MATTIOLI FINANZIARIA S.P.A.","IT"
"118","468110542","SE5592257231","TAERNTANK AB","SE"
"119","109439652","CYC173871","VESTORO HOLDINGS LIMITED","CY"
"120","006099986","SE5560126293","SVENSKA CELLULOSA AB SCA","SE"
"121","593622693","YY*110355317270","ENERGOS INFRASTRUCTURE HOLDINGS FINANCE LLC","n.a."
"122","243723688","FRIA8059320414024","ASTORG V FPCI","FR"
"123","497563265","BM54982R","LARUS HOLDING LIMITED","BM"
"124","005493323","NL24159569","W.E.C. HOLDING B.V.","NL"
"125","049564262","IT*J00S1150","REPUBBLICA ITALIANA","IT"
"126","005395306","NL02321425","KONINKLIJKE WAGENBORG B.V.","NL"
"127","017672312","PL811142169","UNIBALTIC SP. Z O.O.","PL"
"128","133048907","DE2150528755","F. LAEISZ GMBH","DE"
"129","003019505","ESA33778739","ALVARGONZALEZ SA","ES"
"130","582931543","YY*B000154918","SONGA TANKERS AS SONGA SHIPHOLDING AS","n.a."
"131","006913175","ESB46013827","ROMINVEST SL.","ES"
"132","002954865","DKFO2450","P/F PALLI HJA MARIANNU","DK"
"133","002954839","DKFO2898","NAVIGARE SP/F","DK"
"134","130950279","CYC268817","UCI INVESTMENT LIMITED","CY"
"135","012446467","NO986228608","YARA INTERNATIONAL ASA","NO"
"136","003166439","FI01365335","LANGH GROUP OY AB","FI"
"137","036745370","CYC9801","INTERORIENT NAVIGATION COMPANY LIMITED","CY"
"138","099349141","SE5568021280","GREENCARRIER HOLDING AB","SE"
"139","061845246","ESB95229407","N MURUETA SOCIEDAD LIMITADA.","ES"
"140","051400981","GBJE95682","3I INFRASTRUCTURE PLC","GB"
"141","069171403","MY*J00S4360","GOVERNMENT OF MALAYSIA","MY"
"142","003903742","GB00124299","WARWICK & ESPLEN LIMITED","GB"
"143","006100076","SE5560140245","O.F. AHLMARK & CO EFTR. AKTIEBOLAG","SE"
"144","490512842","NL80804314","STANDARD INVESTMENT HOLDING B.V.","NL"
"145","573831511","GBIM020527V","LANCAR UNLIMITED","GB"
"146","009342960","PT512058598","BENSAUDE PARTICIPACOES, S.G.P.S., S.A.","PT"
"147","008841259","NL22046602","MULLER MARITIME HOLDING B.V.","NL"
"148","005420924","NL09062332","BRACAMONTE B.V.","NL"
"149","581108013","GB*110352747378","KROLL NOMINEES LIMITED (AS NOMINEE COMPANY FOR KROLL TRUSTEE SERVICES LIMITED AS SECURITY AGENT)","GB"
"150","494408963","NO926320432","COLLICARE HOLDING AS","NO"
"151","028602136","US134019460","THE GOLDMAN SACHS GROUP, INC.","US"
"152","008691961","BM30506R","GOLAR LNG LIMITED","BM"
"153","344530480","KYLEI539341","ISLAND OFFSHORE SHIPHOLDING LP","KY"
"154","016573456","MTC30642","VIRTU HOLDINGS LIMITED","MT"
"155","596271545","US388934894L","AMERICAN INDUSTRIAL PARTNERS CAPITAL FUND IV (PARALLEL), L.P","US"
"156","071259485","GB06900310","STAPEM OFFSHORE LIMITED","GB"
"157","413325964","NO*110230595376","ISLAND SHIPHOLDING LP","NO"
"158","161939612","GBGG33947","ALCHEMY PARTNERS LP (GUERNSEY) LIMITED","GB"
"159","174865155","MTC58808","AERO INVESTMENTS LIMITED","MT"
"160","146857797","VG*B000076641","HIGH MOUNTAIN MANAGEMENT LTD","VG"
"161","007115182","ESB08917205","INTEGRAL DE NEGOCIOS SL","ES"
"162","254578587","GB09769460","TUSCOR LLOYDS HOLDINGS LIMITED","GB"
"163","049406595","GBML4046824","NUCLEAR DECOMMISSIONING AUTHORITY","GB"
"164","007060441","KR1101110004632","LX INTERNATIONAL CORP.","KR"
"165","192953951","GB09268238","RB INTERNATIONAL (UK) LIMITED","GB"
"166","305093472","NO917871264","KNUTSEN NYK LNG HOLDING AS","NO"
"167","530525702","FR2500171643000000","BOURBON MOBILITY, SOCIETE PAR ACTIONS SIMPLIFIEE (SOCIETE A ASSOCIE UNIQUE)","FR"
"168","109145993","CYC137722","HASS HOLDING LIMITED","CY"
"169","710102233","BM2-289225","SOHMEN FAMILY FOUNDATION","BM"
"170","003021575","ESA38445839","DISA CORPORACION PETROLIFERA SA","ES"
"171","586659095","NO8-550941M","BLYSTAD FAMILY GROUP OF COMPANIES","NO"
"172","604096815","AE*110356834316","QATAR SHIPPING COMPANY S.P.C.","AE"
"173","385059413","KY*902633331","WLR/TRF SHIPPING II LP","KY"
"174","011040195","BG131159471","ADVANCE PROPERTIES","BG"
"175","307944662","NL67415873","NRY HOLDING COMPANY B.V.","NL"
"176","162001442","GBJE56966","STM FIDUCIAIRE TRUSTEES LIMITED","GB"
"177","076466646","GB07085796","LINDSAY BLEE LIMITED","GB"
"178","112144688","ESB86224771","COMPANIA IBERICA DE BARCOS REMOLCADORES SL","ES"
"179","378175892","NO920438776","OEGREID HOLDING AS","NO"
"180","306524423","DE2151808666","UNIATLANTICO SHIPPING GMBH & CO. KG","DE"
"181","003166834","FI01447090","GODBY SHIPPING AB","FI"
"182","560641474","MT*110346827384","MALTA GOVERNMENT BOARD OF TRUSTEES","MT"
"183","074492147","NO993095249","R.G. HAGLAND AS","NO"
"184","008299153","SE5566197066","EKTRADING REDERI AB","SE"
"185","003899735","GB00034121","BIBBY LINE GROUP LIMITED","GB"
"186","005586788","NO871236372","CINUS AS","NO"
"187","309708400","SE5590975677","THORSVECON HOLDING AB","SE"
"188","560047148","NO*110346590446","CANADA STEAMSHIP LINE CO","NO"
"189","016685637","NO989007319","BONITA AS","NO"
"190","008309684","ZA199801811806","SANTOVA LIMITED","ZA"
"191","001573167","NL41212326","STICHTING ADMINISTRATIEKANTOOR SPLIETHOFF'S BEVRACHTINGSKANTOOR","NL"
"192","005681903","NO979913281","VOLSTAD AS","NO"
"193","566441011","YY*110348537670","COOL COMPANY LIMITED (BERMUDA)","n.a."
"194","560037229","NO*110346062166","OCEANA OFFSHORE SA","NO"
"195","372610575","GB*D00430488","FORTUNA LIMITED","GB"
"196","006532953","HK30359FH","CWT INTERNATIONAL LIMITED","HK"
"197","318422577","YY*110187937600","SGH LLC","n.a."
"198","134618555","RU00031093","GOVERNMENT OF THE RUSSIAN FEDERATION","RU"
"199","529298632","SG*110324407316","OCEAN HARMONY HOLDING LIMITED","SG"
"200","058883324","FR393525852","NEXANS","FR"
"201","156922606","GB08511364","AGELEF HOLDINGS LIMITED","GB"
"202","315569024","GBJELP2376","EPIRIS FUND II L.P.","GB"
"203","155900323","MH30017AQ","KNOT OFFSHORE PARTNERS LP","MH"
"204","391389332","HK0027642658","RIVER KING MANAGEMENT HOLDINGS LIMITED","HK"
"205","586658517","NO8-39616M","THE J.J. UGLAND COMPANIES","NO"
"206","545287247","DE2152042178","WASM STEAMSHIP ACQUISITION GMBH & CO. KG","DE"
"207","389696639","VG*110187937614","CINER MARITIME INVESTMENT LIMITED","VG"
"208","006184332","SE5563528339","STOCKHOLM CHARTERING AKTIEBOLAG","SE"
"209","128643850","BM43726R","AVANCE GAS LTD","BM"
"210","005606184","NO931531573","FOLKE HERMANSEN AS","NO"
"211","615073197","GR*Z00627535","N SHIPMANAGEMENT ACQUISITION CORP","GR"
"212","192209531","TR295014F","KIRAN HOLDING ANONIM SIRKETI","TR"
"213","005202313","IE052083","JENKINSON HOLDINGS LIMITED","IE"
"214","002936428","DK55408416","RN HOLDING A/S","DK"
"215","582340847","YY*110353068990","CMI NOUVEAU LTD (EX TERESTA LIMITED)","n.a."
"216","000003050","US834051582","CARRIER GLOBAL CORP","US"
"217","192226893","TR2395595F","BATINAK DENIZCILIK HOLDING ANONIM SIRKETI","TR"
"218","006532064","CL951340006","GRUPO EMPRESAS NAVIERAS S.A.","CL"
"219","318418745","MH*PV6286482","BIKINI INVESTMENT LTD","MH"
"220","004086306","GB01491878","LANGHAM INDUSTRIES LIMITED","GB"
"221","265520563","MT*110024028146","HISTRIA TANKER HOLDINGS LTD","MT"
"222","372899759","GR8-132599M","ASSO SUBSEA LIMITED","GR"
"223","169110718","YY*1519044933","MINISTER FOR TRANSPORT TOURISM AND SPORT","n.a."
"224","503002802","SE5593094617","VERITAS TANKERS HOLDING AB","SE"
"225","534729871","ESB67869594","GRUPO MARTINEZ ABOLAFIO 1970 SOCIEDAD LIMITADA.","ES"
"226","373045280","CYC378287","EUREKA SHIPPING LIMITED","CY"
"227","387841485","NL2-227779","SPLIETHOFF GROUP","NL"
"228","058948642","NO914904633","HURTIGRUTEN GLOBAL SALES AS","NO"
"229","513810111","NO927271877","REM OFFSHORE HOLDING AS","NO"
"230","265520940","MH*PV6286451","NAMU INVESTMENT LTD","MH"
"231","005043195","GB04039524","CARNIVAL PLC","GB"
"232","009579356","NO985596492","HESNES HOLDING AS","NO"
"233","282627498","NO916782195","WIKBORG REIN ADVOKATFIRMA AS","NO"
"234","073459651","DE*110154348249","STADT SASSNITZ","DE"
"235","051055675","BE0898800416","LUYBEN","BE"
"236","468259495","YY*110294793540","SMB HOLDING INC. SA","n.a."
"237","003027643","ESA48003628","E ERHARDT Y COMPANIA, SA","ES"
"238","583971943","YY*4000000231197","ENERGOS","n.a."
"239","152211583","LULB173597","ULTIMA HOLDING S.A.","LU"
"240","008155395","TRFEB58521","KOC HOLDING A.S.","TR"
"241","562324296","GBLP022998","LDC XII LP","GB"
"242","537897487","US*B000169400","OL INTERNATIONAL HOLDINGS LLC","US"
"243","067502659","VG*B000076395","BEN NEVIS SHIPPING INC","VG"
"244","546972871","CYC432964","TIMARETI CONSULTING LTD","CY"
"245","401978228","GBIM016448V","DCTS (GROUP) LIMITED","GB"
"246","005308014","IT00296390636","RIMORCHIATORI NAPOLETANI S.R.L.","IT"
"247","173435314","GB08860816","GULF MARINE SERVICES PLC","GB"
"248","605483908","CYC452302","MAISTROS SHIPTRADE LIMITED","CY"
"249","584204016","GBIM020477V","SEDANLEY UNLIMITED","GB"
"250","005198885","IE012965","CRH PLC","IE"
"251","378139817","NO820504232","AASHOLMEN AS","NO"
"252","003027783","ESA48029565","BERGE Y COMPANIA, SA","ES"
"253","161758160","MT*110001194878","COMPETENT ELITE, LTD","MT"
"254","708671138","YY*110372384091","WOODS FINANCE INC","n.a."
"255","243715489","ESB66479429","KURSAL DEALS SL.","ES"
"256","010733633","MTC1731","FALZON GROUP HOLDINGS LIMITED","MT"
"257","050285877","LULB81494","GROUPE CENTENNIAL S.A.","LU"
"258","135773924","NO998456215","NORTH ATLANTIC AS","NO"
"259","370005021","NL69199396","AB SHIPPING HOLDING B.V.","NL"
"260","007306713","KR1101110193740","HMM CO.,LTD.","KR"
"261","607349263","ESB56143126","AZARLOZA HOLDING SOCIEDAD LIMITADA.","ES"
"262","051057784","JP5140001070263","FURUNO ELECTRIC CO LTD","JP"
"263","618672349","YY*110360821595","TRAFALGAR ACQUISITION CO LIMITED","n.a."
"264","550213465","BM202201508R","GERANIUM SHIPHOLDINGS LIMITED","BM"
"265","137309194","US*418065867","SININDO HOLDING LTD","US"
"266","261190289","MTC46973","DUZGIT SHIPHOLDING LTD","MT"
"267","228598044","CYC307009","G.R.E. GEMINI REAL ESTATE LIMITED","CY"
"268","369633262","LULB218764","MARGUERITE II SCSP","LU"
"269","411134534","MTP1872","TRI-MER PARTNERSHIP","MT"
"270","051813857","BS167065B","PERENCO INTERNATIONAL LIMITED","BS"
"271","003170580","FI02807035","REDERIAKTIEBOLAGET ECKERO","FI"
"272","005621397","NO945772042","NIPPON GASES NORGE AS","NO"
"273","383623916","KY8-509404M","MARITOR HOLDINGS","KY"
"274","146825876","MC*B000085867","BEN MORE SHIPPING INC","MC"
"275","190413794","TRFEB27909","GSD HOLDING ANONIM SIRKETI","TR"
"276","505907559","MTC99006","MRC MERCAN HOLDING LIMITED","MT"
"277","049404736","GBIM004595C","DIXCART GROUP LIMITED","GB"
"278","156678840","TR297209F","SINTEK INSAAT ENDUSTRIYEL TESISLER ANONIM SIRKETI","TR"
"279","497865962","FI31882544","RABN GROUP OY","FI"
"280","006121093","SE5561439125","MARINE GROUP MG AB","SE"
"281","130411046","NO*414256972","SUN ATLANTIC LTD","NO"
"282","369474668","BM52905R","2020 BULKERS LTD.","BM"
"283","088179155","FR380336487","CHARIER AVENIR","FR"
"284","007051843","LULB82454","ARCELORMITTAL SA","LU"
"285","005601945","NO927650657","GSE SANDVIK AS","NO"
"286","042315680","KY40958WB","SIEM INDUSTRIES SA","KY"
"287","073868989","NO934560892","VIEW PROCURATOR AS","NO"
"288","377854782","YY*903725929","CORESTAR STAR TRUST <TRUSTEE FOR GEORGE ROACH AND FAMILY>","n.a."
"289","003017060","ESA30618532","RICARDO FUENTES E HIJOS SA","ES"
"290","051082931","BM40126R","BROOKFIELD INFRASTRUCTURE PARTNERS L.P.","BM"
"291","163252835","TR303444F","BESIKTAS DENIZCILIK ANONIM SIRKETI","TR"
"292","608038595","HK0033818305","ASTON MANAGEMENT COMPANY LIMITED","HK"
"293","692443383","NO*Z00661053","OSM THOME","NO"
"294","057070242","FR493455042","BPCE SA","FR"
"295","149702446","TR203986F","BESIKTAS GEMI INSA ANONIM SIRKETI","TR"
"296","050096191","US126088826L","GRAND CIRCLE LLC","US"
"297","490027485","GR*B000127098","AFRA-T LTD.","GR"
"298","372662992","LR0000167461","FERRUM MARINE COMPANY LIMITED","LR"
"299","650983645","NL*110362257706","SPLIETHOFF B.V.","NL"
"300","006533080","MY370398-X","BUMI ARMADA BERHAD","MY"
"301","178461181","BM21500R","FIDUCIA LTD.","BM"
"302","675919766","CH*B000044552","RESURGAM AG","CH"
"303","319522432","LR8-486640M","CAZE INCORPORATED","LR"
"304","010067087","CO170000967920","NAVESCO S A","CO"
"305","387141266","TR8-260512M","AKAR GRUP DENIZ TASIMACILIGI SANAYI TICARET LIMITED SIRKETI (AKAR GROUP)","TR"
"306","312789362","GBLP017845","ANGLO INTERNATIONAL SHIPPING LIMITED PARTNERSHIP","GB"
"307","318424231","MH*PV6286709","JABAT INVESTMENT LTD","MH"
"308","318417497","YY*110158706076","ALKMINI MARINE INC","n.a."
"309","288759547","GB10175256","WHHF LTD","GB"
"310","002315780","DE2150033803","A. HARTRODT (GMBH & CO) KG","DE"
"311","002363275","DE2250138097","ANCHOR MARTAX STEUERBERATUNGSGESELLSCHAFT MBH","DE"
"312","049404668","GBGG18931","JARGO HOLDINGS LIMITED","GB"
"313","103622499","NO996335402","LADEBEKKEN SHIPPING AS","NO"
"314","367511536","NO*110170555243","GESMAR S.P.A","NO"
"315","318417310","MH*PV6286421","BIKAR INVESTMENT LIMITED","MH"
"316","512145586","CYC417718","EDT GROUP LTD","CY"
"317","035676938","CYC259593","SEABIRD EXPLORATION PLC","CY"
"318","318417311","MH*PV6286448","ARNO INVESTMENT LIMITED","MH"
"319","227230402","PA602491RPP","MALTABULK HOLDING S.A.","PA"
"320","006129928","SE5561904110","LAERKOE AKTIEBOLAG","SE"
"321","306121054","CYC359086","SBS SHIPPING GROUP LTD","CY"
"322","016970790","NL22055077","VROON TANKERS B.V.","NL"
"323","059192270","IT02625000589","FINDA S.A.P.A. DI G. D'AMICO","IT"
"324","004034683","GB01190238","CLARKSON PLC","GB"
"325","163388733","TR93735F","AKAYLAR INSAAT MALZEMELERI PAZARLAMA SANAYI VE TICARET ANONIM SIRKETI","TR"
"326","003113339","ESB46875654","A.M. CARGO LOGISTIC SOCIEDAD LIMITADA.","ES"
"327","003930478","GB00453782","IDWAL WILLIAMS AND COMPANY LIMITED","GB"
"328","511176022","IE*B000132211","GALWAY CITY COUNCIL","IE"
"329","165177360","MH30033AQ","DORIAN LPG LTD","MH"
"330","550653929","HK*110340186703","GUOYU GROUP (HONG KONG) HOLDING CO. LTD.","HK"
"331","158478240","VG8-521904M","KABER ASSETS LIMITED","VG"
"332","293927975","NL66267390","C.V. CERASTIUM","NL"
"333","299725375","VG*B000092889","ANGLO-EASTERN UNIVAN GROUP LTD","VG"
"334","308145432","NO918270124","W HOLDING AS","NO"
"335","163223648","TR256090F","BESIKTAS LIKID TASIMACILIK DENIZCILIK TICARET ANONIM SIRKETI","TR"
"336","318418997","MH*PV6286672","NAMORIK INVESTMENT LIMITED","MH"
"337","005625958","NO950501480","NORDASFALT AS","NO"
"338","016970789","NL22055076","VROON VESSEL PARTICIPATIONS I B.V.","NL"
"339","103252227","VGLEI226535","OTS GLOBAL LTD","VG"
"340","318418680","MH*110158715118","PONTOPOROS MARITIME LTD.","MH"
"341","312030573","NO918433805","HK SHIPPING GROUP AS","NO"
"342","476761241","LR0000166489","CELIA INTERNATIONAL LTD","LR"
"343","229787235","NO915334865","EIDES REDERI AS","NO"
"344","470765860","NO924732059","NOFIKA AS","NO"
"345","339804759","NO919177152","NAPIER HOLDING AS","NO"
"346","174860178","MTC53583","BM CHEMICAL HOLDING LTD","MT"
"347","507797726","LULB256615","VERDE HOLDINGS S.C.A.","LU"
"348","049383183","GBIM103007C","GENERAL SHIP MANAGEMENT CORPORATION LIMITED","GB"
"349","003006173","ESA20000675","BALENCIAGA, SA","ES"
"350","502667018","MH8-544523M","DRY-T LTD","MH"
"351","226526294","USLEI257346","MHR INSTITUTIONAL PARTNERS IV LP","US"
"352","133574273","NO998194717","VALBERG INVEST HOLDING AS","NO"
"353","283342616","MTC74394","DENTA SHIPPING HOLDINGS LIMITED","MT"
"354","007990484","LV000323161","ALPHA SHIPPING COMPANY SIA","LV"
"355","265520591","YY*110024028206","STARDAWN HOLDINGS LIMITED","n.a."
"356","507897853","YY*110318351053","DEBORA MONTALTO AS TRUSTEE OF THE AD HOLDING TRUST","n.a."
"357","159876036","NO912214648","STIFTELSEN HANS RASMUS ASTRUP","NO"
"358","008135001","SE5566228408","REDERIAKTIEBOLAGET MATTSSON","SE"
"359","144096100","LIFL00011037922","LUDA STIFTUNG","LI"
"360","586536749","DE8-487691M","MPC GROUP OF COMPANIES","DE"
"361","470629906","YY*110297198324","COSCO SHIPPING LINES EU","n.a."
"362","560043897","NO*110346307064","OCTOPUS HOLDCO 2 S.AA.R.L","NO"
"363","560045430","NO*110346466964","STAR REEFERS INC","NO"
"364","008837844","MTC7880","GANADO TRUSTEES & FIDUCIARIES LIMITED","MT"
"365","176084047","GB08945941","THOMPSON TARAZ GROUP PLC","GB"
"366","318419055","YY*110158717762","K.F. KOAN FOUNDATION","n.a."
"367","007254897","SE5566164397","BRP HOLDING AB","SE"
"368","265520566","MT*110024028151","STARDAWN HOLDINGS LIMITED","MT"
"369","013686916","ESB83957829","F TAPIAS DESARROLLOS EMPRESARIALES SL.","ES"
"370","057128910","NL24441129","CS SHIPFUND B.V.","NL"
"371","413769819","YY*110231488196","ERIKUB INVESTMENT LIMITED","n.a."
"372","347419113","MTC82513","AMG PARTNERS LIMITED","MT"
"373","413337681","NO*110230729211","CORANDA INC.","NO"
"374","319639237","SE5591122485","M&M VRAANGOE HOLDING AB","SE"
"375","590137484","GB15116536","CABLE MARINE HOLDINGS LTD","GB"
"376","059154752","IT07310110635","META S.R.L. - HOLDING DI PARTECIPAZIONE","IT"
"377","558873700","YY*110344548789","EUROPESE LOGISTIEKE VERVOERDERS COOPERATIE","n.a."
"378","318423748","AE0048983198","SOCAR LOGISTICS DMCC","AE"
"379","413769820","YY*110231488197","JALUIT INVESTMENT LIMITED","n.a."
"380","224640333","MTC68676","EES LIMITED","MT"
"381","006740349","KR1101110006167","CJ LOGISTICS CORPORATION","KR"
"382","379945420","YY*110181061727","QUINT LIMITED","n.a."
"383","109715112","CYC36832","THIRTEENELS SERVICES LIMITED","CY"
"384","461014639","NO921402430","NISTAD GRUPPEN HOLDING AS","NO"
"385","480359960","CH5-24834212I","THE JEAN CLAUDE GANDUR FAMILY GROUP","CH"
"386","582100575","IE606357","LINDE PUBLIC LIMITED COMPANY","IE"
"387","492381126","NO926036041","KLAVENESS STIFTELSEN","NO"
"388","133471519","SE5568675473","WIRSTROEM INVEST AKTIEBOLAG","SE"
"389","003347620","FR340726041","SOCIETE MONNIER","FR"
"390","109717648","CYC42178","SMIT LAMNALCO LIMITED","CY"
"391","222919812","NO914607434","BONTVEIT MARINE HOLDING AS","NO"
"392","222549272","FI*110009280736","M SHIP LTD","FI"
"393","622740113","DK44791447","SVITZER GROUP A/S","DK"
"394","097737918","NL51428369","TURIA PORT INVESTMENTS (HOLDINGS) C.V.","NL"
"395","197227563","MTC67898","FENLEX GROUP HOLDING LTD","MT"
"396","261157989","GBIM128655C","SHAFFLER VENTURES LIMITED","GB"
"397","079920940","IT06391731210","POSEIDONE S.R.L.","IT"
"398","499260625","VG*B000156103","MARLOM SHIPPING LTD","VG"
"399","074378589","KZ*J00S1635","THE REPUBLIC OF KAZAKHSTAN","KZ"
"400","005487129","NL23077088","BEN HOUWELING BEHEER B.V.","NL"
"401","241023044","CYC232347","HAWKESA HOLDING LIMITED","CY"
"402","005625382","NO950071753","B-O SERVICE AS","NO"
"403","005667373","NO977043476","NORTH-SEA MANAGEMENT AS","NO"
"404","075769870","NO993448389","TORGARD AS","NO"
"405","383430624","CHCHE340827237","AFTL GROUP AG","CH"
"406","002325778","DE2150326406","SACO SHIPPING GMBH","DE"
"407","561065700","BM202201507R","DIANTHUS SHIPHOLDINGS LIMITED","BM"
"408","560977911","PL*110347221638","POLISH BALTIC SHIPPING CO","PL"
"409","318417309","MH*PV6286743","KNOX INVESTMENT LIMITED","MH"
"410","575885749","GBIM020715V","BINDER HOLDINGS LIMITED","GB"
"411","006776453","ESB36000727","INVERSIONES LOS ARPEOS SLU","ES"
"412","011537679","IT01733350183","SERVIZI FINANZIARI S.P.A.","IT"
"413","012809727","IT00087850491","NERI HOLDING S.R.L.","IT"
"414","065833097","MTC3151","NEVADA LIMITED","MT"
"415","149688900","NO999511236","STODIG SHIP MANAGEMENT AS","NO"
"416","586545747","ES8-567168M","INPESCA GROUP OF COMPANIES","ES"
"417","263330193","GB*B000099234","SPRING MARINE DRY BULK SA","GB"
"418","148918234","US260426107","KKR GROUP CO. INC.","US"
"419","112742245","NO997009711","FMR INVEST AS","NO"
"420","578016172","HK0033102707","TRADER SHIPPING LIMITED","HK"
"421","007164196","NO983633196","SHIPSINVEST AS","NO"
"422","011050873","ESB07039340","INVERSIONES MANDEO SL","ES"
"423","560641536","YY*110346827744","DRAGON SHIPPING LIMITED","n.a."
"424","651291455","SG*110362455289","AUSTRAL ASIA LINE PTE. LTD.","SG"
"425","483242897","CYC408487","EDT VSL HOLDINGS LIMITED","CY"
"426","058532790","TR242754F","ARKAS HOLDING ANONIM SIRKETI","TR"
"427","226865332","PA268657RPP","OLD SEAS SHIPPING CORP.","PA"
"428","084655372","DK33036175","A.S. SCAN HOLDING A/S","DK"
"429","579723174","ZZ*110341870325","TRUSTEES OF THE SHEILING SETTLEMENT","n.a."
"430","342595685","SE5591173587","STURE CLAESSON AB","SE"
"431","527416427","NL*110324264174","TEAM HEAVY LIFT B.V.","NL"
"432","005631107","NO956240980","SVEIN TORRISSEN & SOENNER AS","NO"
"433","239133936","RU42533740N","PRAIM SHIPPING KHOLDING","RU"
"434","011205460","FI18336418","SATU INVEST OY","FI"
"435","370225642","SE5591360952","PICTUS HOLDING AB","SE"
"436","189742740","SE5569170037","CABOWA AB","SE"
"437","036793205","NO989244752","LAWO INVEST AS","NO"
"438","419039842","NO923400834","EMILSEN GRUPPEN AS","NO"
"439","006529835","IL90008GE","ISRAEL CORPORATION LIMITED","IL"
"440","006243702","SE5564955267","OLOF BRODIN (CHARTERING) AKTIEBOLAG","SE"
"441","506606649","GBGG69031","TAYLOR MARITIME LIMITED","GB"
"442","226492980","MTC68709","VALLETTA PETROLEUM HOLDINGS LIMITED","MT"
"443","265520996","YY*110024029379","WHITE DALIA S.A.","n.a."
"444","586818371","SE8-255519M","REDERI AB MATTSSON","SE"
"445","074492649","NO993163880","HOFSETH INTERNATIONAL AS","NO"
"446","070855461","NO993134155","KERKO SHIPPING AS","NO"
"447","298414516","UY*110149623043","CAMELUR S.A.","UY"
"448","005679418","NO979684924","GULLFONN MANAGEMENT AS","NO"
"449","005632338","NO957423248","ADVOKATFIRMAET THOMMESSEN AS","NO"
"450","622081452","NO*110361544245","GUNNAR FANTOFT","NO"
"451","256613392","IS4810120900","FAFNIR OFFSHORE HF.","IS"
"452","387086498","GR8-43589M","ANDRIAMAR SHIPPING INCORPORATED","GR"
"453","618440219","KY*Z00634216","TYPEWRITER PARENT LTD","KY"
"454","015144041","ESB80167505","DE LA PENA ASOCIADOS SL","ES"
"455","007306842","CN30699PC","SHANGHAI ZHENHUA HEAVY INDUSTRIES CO.,LTD.","CN"
"456","586627161","IT8-74872M","MEDNAV S.R.L.","IT"
"457","148293083","NO999254632","ABYSS GROUP AS","NO"
"458","611289546","DK44491796","MBEB HOLDING APS","DK"
"459","109439340","CYC173508","STEFMA INVESTMENTS LIMITED","CY"
"460","016541635","ESB41379845","ROFIMAN MANUFACTURAS SL","ES"
"461","134186506","CHCHE214165223","EUROFISH HOLDING AG","CH"
"462","133357297","GR072853520000","DODEKANISOS SEAWAYS CONSORTIUM","GR"
"463","619932342","GB*110361067610","SOLE SHIPPING SO GP III LIMITED, AS GENERAL PARTNER OF SOLE SHIPPING SPECIAL OPPORTUNITIES FUND III","GB"
"464","413386970","NO922919682","NYE 5 OLSEN HOLDING AS","NO"
"465","299549961","SG201510759D","HAFNIA SG PTE. LTD.","SG"
"466","534754213","FR910226018","GROUPE ADIT","FR"
"467","265520897","YY*110024029091","SHANTY INVESTMENTS S.A.","n.a."
"468","410832758","LULB233749","EXPRESS HOLDING S.À R.L.","LU"
"469","534780370","GB13920571","PRAX GROUP HOLDINGS LIMITED","GB"
"470","469256745","GI119458","MED SHIPPING LOGISTICS LIMITED","GI"
"471","190707843","SE5569775843","FJORDBOEN AB","SE"
"472","413336380","NO*110230692664","SIEM OIL SERVICE INVEST LTD","NO"
"473","016972623","NO987034726","AMAR GROUP AS","NO"
"474","005505978","NL27094250","UNIVEST HOLDING B.V.","NL"
"475","005332946","IT00763100880","SIRIAC S.R.L.","IT"
"476","502616999","NO*110314206557","FRONTLINE LTD","NO"
"477","002993316","ESA07404510","GRUPO EMPRESAS ALONSO MARI SA","ES"
"478","416217417","ES*110232222513","TRANSITOS DE EXTERMADURA SL","ES"
"479","593312957","YY*110355267541","ROMEO LTD.","n.a."
"480","000002269","US135409005","EXXON MOBIL CORPORATION","US"
"481","382770076","MTC86730","ENDO VENTURES LTD","MT"
"482","537639035","YY*110328797160","PF TRUSTEES LIMITED AS TRUSTEE OF THE SP2002 TRUST","n.a."
"483","283478953","SE5590549019","T' EKSTRAND HOLDING AB","SE"
"484","586626311","IS8-6896M","HERJOLFUR H/F","IS"
"485","157029285","VG*110007146299","GOLD STONE INDUSTRIES CORPORATION","VG"
"486","492100961","CYC23560729","CYPROMAN SERVICES LIMITED AS TRUSTEE OF INCA TRUST","CY"
"487","620070665","US*110361071967","ACTIUM LLC","US"
"488","002165384","BE0466595041","Z-GROUP","BE"
"489","012153976","SG194800006K","KUOK (SINGAPORE) LIMITED","SG"
"490","110582691","NO996993086","SHANNON INVEST AS","NO"
"491","005619778","NO943873011","ALCIDES HOLDING AS","NO"
"492","051403863","BE0899130117","STEPHEX HOLDING","BE"
"493","618232284","IT95243050101","LUSSINO SOCIETA' SEMPLICE","IT"
"494","382658340","CYC383277","ADS MARITIME HOLDING PLC","CY"
"495","387245516","MTC88160","BIANCHI GROUP LIMITED","MT"
"496","007649367","PL610188201","ORLEN S.A.","PL"
"497","158340679","IT02324900030","B&D HOLDING S.P.A.","IT"
"498","387455668","GBIM016232V","AFFINITY GROUP LTD","GB"
"499","575897968","GB14830370","MAGNOLIA SHIPHOLDINGS LIMITED","GB"
"500","059045113","DK30594789","BLUE WATER FONDEN","DK"
"501","169089299","US*M00980303796","MULTIVENTURE CAPITAL LLC","US"
"502","301369954","NO916882807","SANDEFJORD KOMMUNE","NO"
"503","074766849","IT06160141211","PEPPINO D'AMATO E FIGLI S.R.L.","IT"
"504","002126597","BE0459593423","VNL","BE"
"505","108520913","LULB136969","UNITED BULK S.A.","LU"
"506","486486092","YY*110307685946","SISSI LIMITED","n.a."
"507","529600649","NO928169960","FREM SOLUTIONS AS","NO"
"508","501828976","CYC416953","BOSTILO INVESTMENTS LIMITED","CY"
"509","411013627","CYC396207","MAROLIO INVESTMENTS LIMITED","CY"
"510","005707550","PT500067724","SONAGI, S.G.P.S. S.A.","PT"
"511","318421127","CHCHE419328367","FILIPPINI HOLDING AG","CH"
"512","698416286","NO*110370822456","BONITA AS","NO"
"513","293954861","YY*110140534611","FIREBIRD OCEAN LIMITED","n.a."
"514","651260278","KY*110362302266","OAKTREE EUROPEAN PRINCIPAL FUND IV LTD","KY"
"515","344102057","MTC82008","FORTINA INVESTMENTS LIMITED","MT"
"516","690502029","CYCYC23661556","ANDREOTTI TRUSTEES LIMITED","CY"
"517","529675755","SE5592648819","TURMOIL SOLUTION AB","SE"
"518","464968842","NO924037377","KASIBRA AS","NO"
"519","059174195","IT95076300631","FRATELLI VITIELLO S.P.A.","IT"
"520","042321252","VG*190521676277","BINDER INVESTMENTS LIMITED","VG"
"521","003166634","FI01404664","SUNBORN OY","FI"
"522","583154419","SG*110353652495","PACIFIC INTERNATIONAL LINES (PTE) LTD","SG"
"523","012636408","ESB95133625","GVLA COMERCIAL INVERSIONES SL","ES"
"524","470754594","NO824783802","BORGSTEIN AS","NO"
"525","109721404","NO896696262","DEEPOCEAN GROUP HOLDING AS","NO"
"526","057036690","CHCHE111705335","SO HOLDING AG","CH"
"527","005689982","NO980527328","GEZINA AS","NO"
"528","071275470","VG*1620502750","WEAVERNAL HOLDINGS LTD","VG"
"529","314749012","BZ41013R","IRWINDALE INVEST CORP.","BZ"
"530","282627990","NO916794134","T/C HAUGESUND AS","NO"
"531","009759577","NO985821097","SJOEINVEST HOLDING AS","NO"
"532","139140135","NO898783812","ADVOKATFIRMAET SIMONSEN VOGT WIIG AS","NO"
"533","560043979","NO*110346318324","OMP SICAV PLC","NO"
"534","560043281","NO*110346281188","AMARILIA MARITIME CO","NO"
"535","420781312","NO923565264","EDDA WIND ASA","NO"
"536","305227139","NO917950172","PARCAR AS","NO"
"537","161775305","NO*110314163693","ATLANTICA INC","NO"
"538","005611915","NO936195261","KOKSTAD CHARTERING AS","NO"
"539","012450458","NO987615664","NESS, RISAN & PARTNERS AS","NO"
"540","005687578","NO980387410","STROEMBERG GRUPPEN AS","NO"
"541","318423306","MT*110158741732","GVZH ADVOCATES","MT"
"542","099001101","MTC31448","ARX TRUSTEES LIMITED","MT"
"543","008976832","NL08101638","TAJIRI B.V.","NL"
"544","407074978","YY*110195598901","PERSEVERANCE I B.V.","n.a."
"545","380839899","LI*110181601564","PAVONE FOUNDATION","LI"
"546","546939116","YY*110331949333","NOVA FIN","n.a."
"547","005695879","NO981258622","CAP NEUS AS","NO"
"548","395892499","MTC89926","SAADYIAT INTERNATIONAL LIMITED","MT"
"549","547013233","GBGG70665","BOMBAY HOLDING LTD.","GB"
"550","108819189","MTC20650","GRANT THORNTON FIDUCIAIRE LIMITED","MT"
"551","696328676","TR*D00449505","MARIS ORGANIZASYON TURIZM TICARET A.S.","TR"
"552","308054586","AT*961032943","BETMAR VERMOGENS-UND BETEILIGUNGS GBR","AT"
"553","461621058","NO923835865","BRABROS HOLDING AS","NO"
"554","299399996","BM50668R","NOVAALGOMA CEMENT CARRIERS LIMITED","BM"
"555","169077885","BM42302R","BW LPG LIMITED","BM"
"556","512146543","CYC418698","BECCARON HOLDINGS LIMITED","CY"
"557","223283272","SE5569994154","APPELOE HOLDING AB","SE"
"558","130415696","NO*110021259492","AMNOR 2 LLC","NO"
"559","367500389","MH*937075623","SPII HOLDINGS INC.","MH"
"560","005285283","IT00825790157","SAIPEM SPA","IT"
"561","008896152","DE2150967803","VINETA GMBH","DE"
"562","031404536","NL37132946","GLOMAR HOLDING B.V.","NL"
"563","371119293","NL70208514","VROON HOLDING B.V.","NL"
"564","175914485","GBJE113930","BNX HOLDINGS LIMITED","GB"
"565","266389813","BS84391B","CLIPPER BULK SHIPPING LTD","BS"
"566","005592206","NO910310895","FJORD LINE AS","NO"
"567","481402203","YY*B000124044","LATSCO SHIP MANAGEMENT HOLDING INC","n.a."
"568","299549812","BM8-472032M","ALLIANCE TANKERS INCORPORATED","BM"
"569","015890575","DE2151179755","GBV BETEILIGUNGS- UND VERWALTUNGSGESELLSCHAFT MBH","DE"
"570","003946663","GB00577587","J.R. RIX & SONS LIMITED","GB"
"571","003846950","FR542051180","TOTALENERGIES SE","FR"
"572","005467405","NL18052434","PORTSIGHT B.V.","NL"
"573","011240032","NL18061015","RUIJTENBERG PRUISSEN BEHEER B.V.","NL"
"574","416698857","NL75463520","ST MARINE SUPPORT HOLDING B.V.","NL"
"575","382774990","NL71885684","DUTCH SHIPPING INVESTMENTS B.V.","NL"
"576","128525380","NL54021537","DAMEN SHIP LEASE COÖPERATIE U.A.","NL"
"577","379883090","NL71415750","LONGSHIP GROUP B.V.","NL"
"578","403350373","NL74057782","IRON CASTLE HOLDING B.V.","NL"
"579","108375694","NL52270238","GEO PLUS HOLDING B.V.","NL"
"580","010055015","MXENI9302242XA","EMPRESAS NIETO SA DE CV","MX"
"581","009744108","IE340284","CLYNAGH HOLDINGS LIMITED","IE"
"582","009673041","IE054766","SHANNONFERRY GROUP LIMITED","IE"
"583","559409064","FR*110348264784","FIP NOV TOURISME ACTIONS NON COTEES ASSUREURS - CAISSE DES DEPOTS RELANCE DURABLE FRANCE GERE PAR MONTEFIORE INVESTMENT","FR"
"584","159198183","MH30018AQ","ARDMORE SHIPPING CORPORATION","MH"
"585","417529977","DK40724494","HALDS GAARD EJENDOMME HOLDING APS","DK"
"586","530132459","NL84786981","REIGERBURG B.V.","NL"
"587","008315975","BE0439797604","GROUP DE CLOEDT","BE"
"588","144073278","CHCHE137966699","TALVEX COMMODITIES AG","CH"
"589","283347774","NL65454049","STICHTING ADMINISTRATIEKANTOOR VISSER SHIPPING","NL"
"590","002088012","BE0451390884","LOWLAND INTERNATIONAL","BE"
"591","574307800","GB*110350453124","MENZELL & DOEHLE GMBH & CO. KG","GB"
"592","061663245","CHCHE100357537","MITRADEX SA","CH"
"593","661054153","SE*110363606446","AHLTMARK LINES AKTIEBOLAG","SE"
"594","082000796","DE2390395151","HC ""KRISEN-GEWINNER II"" SCHIFFSBETEILIGUNGS GMBH & CO. KG","DE"
"595","162126383","NL58678042","HULST INNOVATION HOLDING B.V.","NL"
"596","406302203","NL74290738","KOTUG CHARTERING B.V.","NL"
"597","059168038","IT01134500451","ST. PETER S.R.L.","IT"
"598","015824075","DE2390219121","DANZ VERMÖGENSVERWALTUNGSGESELLSCHAFT MBH & CO. KG","DE"
"599","451145647","DE2151932510","L&B WANDSBEK FEEDERSCHIFFE GMBH & CO. KG","DE"
"600","009287236","DE2151157091","DR. KARL-HEINZ KRÄMER GMBH","DE"
"601","145432580","DE2151626534","AVALON INVEST GMBH & CO. KG","DE"
"602","031350622","DE2151321605","BETEILIGUNGS-KOMMANDITGESELLSCHAFT BUXPOWER VERWALTUNGS- UND SCHIFFAHRTS GMBH & CO.","DE"
"603","699250600","YY*Z00666543","THALVORA HOLDINGS GMBH","n.a."
"604","002468782","DE4070297670","JS HOLDING GMBH & CO. KG","DE"
"605","586537518","DE8-8990M","LEONHARDT & BLUMBERG GROUP","DE"
"606","013844942","DE2151243139","ERNST RUSS AG","DE"
"607","009719256","IE294635","AYLEVAROO LIMITED","IE"
"608","010066680","CO170001070610","ITALCOL S A","CO"
"609","007680006","NL24343745","STICHTING ADMINISTRATIEKANTOOR ESSHAROS","NL"
"610","191874384","CYC324474","KILA MANAGEMENT LIMITED","CY"
"611","651226142","GB*110362303598","CVC CAPITAL PARTNERS VIII (A) L.P., AGISSANT PAR SON GENERAL PARTNER CVC CAPITAL PARTNERS VIII LIMITED","GB"
"612","059990986","NL08181912","NUEVO SUERTO B.V.","NL"
"613","005521788","NL28085082","VALKENHORST PARTICIPATIE B.V.","NL"
"614","651168441","DE*110362447597","VINNEN MARITIME FOUNDATION","DE"
"615","057019430","CHCHE102342653","FRITRA AG","CH"
"616","007559410","NL24342804","STICHTING ADMINISTRATIEKANTOOR VD GRAAF BARGES AND MORE","NL"
"617","001555626","NL41169900","STICHTING ADMINISTRATIEKANTOOR PUYVAST GROEP","NL"
"618","288436467","NL65722159","STICHTING ADMINISTRATIEKANTOOR LOTUS CONSULTANCY SERVICES","NL"
"619","467888499","NL76939359","SEACONTRACTORS HOLDING B.V.","NL"
"620","470527956","NL77559568","ANNA P HOLDING B.V.","NL"
"621","003913736","GB00274174","ANLON LIMITED","GB"
"622","175932303","BM26084R","FAIRPLAY LIMITED","BM"
"623","314845089","JP1010001008692","SUMITOMO CORPORATION","JP"
"624","041134920","DE2090210809","JACOB SCHIFFAHRT GMBH & CO. KG","DE"
"625","413149259","NL75045842","DIF CORE INFRASTRUCTURE FUND II COÖPERATIEF U.A.","NL"
"626","533940987","IE713026","RÃËALT NA MARA OFFSHORE WIND FARM HOLDING LIMITED","IE"
"627","557812913","YY*110343117849","DMY ELECTRONIC","n.a."
"628","005560237","NL34044654","CEBO-INTERNATIONAL B.V.","NL"
"629","255557481","GBNI634050","HEYN LIMITED","GB"
"630","002924348","DK25469682","HOVE GROUP A/S","DK"
"631","009540866","DK27166911","JJ HOLDING & INVEST APS","DK"
"632","476254812","SG*110299340764","GREENSHIP GAS TRUST ACTING THROUGH GREENSHIP GAS MANAGER","SG"
"633","002900571","DK20868902","NAVISIONGROUP APS","DK"
"634","228119522","DE2151735519","UNITED HEAVY LIFT GMBH & CO. KG","DE"
"635","000223876","NL02331303","EEMS BEHEER B.V.","NL"
"636","149669027","NL56702256","VMS HOLDING B.V.","NL"
"637","005108235","GBSC169874","GREENSHIELDS & CO. EDINBURGH LIMITED","GB"
"638","418585873","KY*B000167915","EGM CAYMAN LP","KY"
"639","379856445","FR839060787","NEWTMC","FR"
"640","576093521","GBSC767683","MALLAIG MARINE (HOLDINGS) LIMITED","GB"
"641","073979883","TR264389F","TRAKYA DENIZCILIK TASIMACILIK VE TICARET LTD STI","TR"
"642","037602799","NL01123393","NORTHERN FINANCE B.V.","NL"
"643","012445265","NL32100016","REDWISE MARINE HOLDING N.V.","NL"
"644","190184310","NL60948795","MAJAK HOLDING B.V.","NL"
"645","084725366","NL50471422","GERO SHIPPING EN TRADING B.V.","NL"
"646","190408326","BE0560950109","REDERIJ SANDRA","BE"
"647","002222964","CHCHE103616215","BERTSCHI HOLDING AG","CH"
"648","005559413","NL34023067","CORNELIS VROLIJK HOLDING B.V.","NL"
"649","235108580","NL63541823","4MARITIME B.V.","NL"
"650","385826947","GB11505885","EMERGE GLOBAL LTD","GB"
"651","100875949","GB07469384","WINDHOVER HOLDINGS LTD","GB"
"652","693116742","DE*110366228582","BAHAG BAUS HANDELSGESELLSCHAFT AG BELP/SCHWEIZ ZWEIGNIEDERLASSUNG MANNHEIM","DE"
"653","073623497","DE2012062572","OBOTRITIA CAPITAL KGAA","DE"
"654","108837737","NL52537315","TELFORD OFFSHORE NETHERLANDS COÖPERATIE U.A.","NL"
"655","037130228","NL01122513","ARJAN VAN STEE BEHEER B.V.","NL"
"656","466525095","NL76765199","JUMBO HOLDING B.V.","NL"
"657","299820743","MH8-471503M","BLACK STAR SHIPPING COMPANY LTD.","MH"
"658","297524525","NL66612063","RATIO BEHEER B.V.","NL"
"659","385114789","US*110186314622","THE MOORINGS LTD","US"
"660","002938052","DK61113215","BIANCO DELTA A/S","DK"
"661","002144860","BE0463048306","MAYFIELD","BE"
"662","506516559","BE*110318539431","CLDN VRAC SA","BE"
"663","005664992","NO976695372","TGS ASA","NO"
"664","068791345","DE2250315847","HS HOLDING VERWALTUNGS GMBH","DE"
"665","001497027","NL41009024","STICHTING ADMINISTRATIEKANTOOR VAN DIEPEN","NL"
"666","344296216","CW*D00419760","SEAHOLD B.V.","CW"
"667","005393660","NL02046918","C.T. DRENT BEHEER B.V.","NL"
"668","009935399","NL01100099","AS SHIPPING GROUP B.V.","NL"
"669","005389962","NL01056962","HOLWERDA SHIPPING B.V.","NL"
"670","000137030","NL01089054","SCHEEPVAARTONDERNEMING WOTA B.V.","NL"
"671","404582597","DKGL40351655","ESANI A/S","DK"
"672","169146161","DE2270333100","CATANIA HOLDING GMBH & CO. KG","DE"
"673","342600683","GBGG54152","IMPERIUM TRUST COMPANY LIMITED","GB"
"674","048802741","BM7165R","NORBULK SHIPPING CO. LTD.","BM"
"675","505704667","YY*B000129427","LOMAPOST S.A. SPF","n.a."
"676","156910476","NL57597448","DIEXEL HOLDING B.V.","NL"
"677","163388891","TR93911F","AKMAR HOLDING ANONIM SIRKETI","TR"
"678","112467143","TR1298282F","TIRYAKI HOLDING ANONIM SIRKETI","TR"
"679","481400130","YY*B000124310","STARFIELD INTERNATIONAL LTD","n.a."
"680","318604764","GB*110159123634","THE GRIFONE TRUST","GB"
"681","558588114","NL*110344455541","W.E.C. HOLDING B.V.","NL"
"682","346973689","SE5591240055","NORTHERN TECHNICAL SERVICES AB","SE"
"683","236224438","YY*B000088769","MILLER WATTS LTD","n.a."
"684","293842156","VG*B000117132","MINING MINERALS AND CHEMICALS LTD","VG"
"685","031538526","BE0889612437","STRYDOT & COMPANY","BE"
"686","315227849","NL68322577","KNIPPING HOLDING B.V.","NL"
"687","001027149","NL23069623","GEOMETRY SHIPPING B.V.","NL"
"688","224255754","NL62311778","STICHTING ADMINISTRATIEKANTOOR NEELE-VAT LOGISTICS","NL"
"689","109008840","CYC135816","MARSHIP INVESTMENTS LIMITED","CY"
"690","001078710","NL24312734","TIOCOS B.V.","NL"
"691","584577046","BE8-79475M","COBELFRET GROUP","BE"
"692","384916265","BE0423405196","ANACOM","BE"
"693","137652894","CHCHE414083081","DK SHIPPING & TRADING GMBH","CH"
"694","002162305","BE0466085988","VERFINCO","BE"
"695","416267209","NL75433168","STICHTING ADMINISTRATIEKANTOOR WARBOUT BEHEER","NL"
"696","002081559","BE0449911140","COMATRACO","BE"
"697","035545635","BE0872885578","MERA-CLAEYS","BE"
"698","502593919","NL82327033","CAPITAL SEA B.V.","NL"
"699","479096253","NL78212774","STICHTING ADMINISTRATIEKANTOOR DEN HERDER GROUP","NL"
"700","305310765","BM39466R","DOCKWISE LTD","BM"
"701","002862953","DK12546106","NTG NORDIC TRANSPORT GROUP A/S","DK"
"702","159415627","CYC239558","DTDW HOLDINGS LIMITED","CY"
"703","394734737","CHCHE494214993","SATOR HOLDING SA","CH"
"704","013022558","NL24385577","STICHTING ADMINISTRATIEKANTOOR BAGGERBEDRIJF DE BOER HOLDING","NL"
"705","265538883","NL65191277","SCG HOLDING B.V.","NL"
"706","307946296","NL67433863","GRONINGER SCHEEPVAART FONDS B.V.","NL"
"707","586650880","NL8-490723M","REDERIJ CHR. KORNET & ZONEN BV AND AMASUS SHIPPING BV","NL"
"708","267279292","NL65299809","DECOIL GROUP B.V.","NL"
"709","313232764","DE2151817415","ELBSAILOR REEDEREI GMBH & CO. KG","DE"
"710","389832492","DE7350160663","M & M SCHIFFFAHRTSGESELLSCHAFT UG (HAFTUNGSBESCHRÄNKT) & CO. KG","DE"
"711","542570033","DE*110330152462","MS ELBSKIPPER GBR","DE"
"712","031657669","DE2151325990","HAMMONIA SCHIFFSHOLDING AG","DE"
"713","039257503","NL01112812","FORESTWAVE HOLDING B.V.","NL"
"714","251505693","DE2151743553","LEONHARDT & BLUMBERG SHIPMANAGEMENT GMBH & CO. KG","DE"
"715","003912426","GB00255938","FRED. DESSEN & CO., LIMITED","GB"
"716","075780675","BE0820265751","GRETA CASET","BE"
"717","009702889","IE247515","GLENBALLY LIMITED","IE"
"718","048718160","CW*110185883317","ICECUBED P. HOLDING NV","CW"
"719","346916081","LULB150095","NUEVO TEATRO S.A.","LU"
"720","169404562","LULB180929","ANGELMAR CORP S.A.","LU"
"721","003872366","FR697220879","RODRIGUEZ GROUP SA","FR"
"722","009368293","DK10150426","DANSK BJERGNING OG BUGSERING HOLDING APS","DK"
"723","046090298","DKFO4109","SP/F VITIN","DK"
"724","005507479","NL27120091","FUGRO N.V.","NL"
"725","221991169","US257621351L","BLUE WOLF CAPITAL PARTNERS LLC","US"
"726","373581485","NL70666059","STICHTING ADMINISTRATIEKANTOOR G.I.B.A. HOLDING","NL"
"727","012165309","DK10144868","PC OFFSHORE APS","DK"
"728","099650539","DE2250341443","JÜNGERHANS SCHIFFSTREUHAND GMBH","DE"
"729","483245663","DE2250456046","HS FIRST SHAREHOLDER UG (HAFTUNGSBESCHRÄNKT)","DE"
"730","051395542","DE2370259612","MARE TRUST AG","DE"
"731","073172429","DE2250320590","OLTMANN GRUPPE DACHFONDS NR. 4 GMBH & CO. KG","DE"
"732","041142111","DE2151339515","WÖLBERN PRIVATE EQUITY GMBH","DE"
"733","255377984","CA275109086L","TRANSPORT FRISIA INC.","CA"
"734","234120613","DE2250396627","VERTOM-BOJEN SHIPPING GMBH & CO.KG","DE"
"735","002359816","DE2250009051","AKTIENGESELLSCHAFT REEDEREI NORDEN - FRISIA","DE"
"736","511211743","DE2250465620","OMNIA BETEILIGUNG UG (HAFTUNGSBESCHRÄNKT)","DE"
"737","073172457","DE2250320716","OLTMANN GRUPPE DACHFONDS NR. 3 GMBH & CO. KG","DE"
"738","031663017","DE2250258817","JÜNGERHANS HOLDING GMBH & CO. KG","DE"
"739","313233817","DE2250415725","NH - HOLDING GMBH & CO. KG","DE"
"740","593168608","DE2013179117","VOYFAI GMBH","DE"
"741","369719653","NL70002789","STICHTING ADMINISTRATIEKANTOOR E.S. HAZEWINDUS SCHEEPVAART","NL"
"742","012138119","NL01109120","D.B. MON-DESIR HOLDING B.V.","NL"
"743","005498805","NL24238127","SEAMED HOLDING B.V.","NL"
"744","282626415","NO*D00423641","J.O. INVEST AS","NO"
"745","008536034","SG199201623M","SINGAPORE POST LTD","SG"
"746","005486976","NL23075803","MERWEOORD B.V.","NL"
"747","005478798","NL21016284","VRP B.V.","NL"
"748","005495906","NL24188859","SEA-OIL HOLDING B.V.","NL"
"749","254584017","GBJE117244","WIND HOLDING LIMITED","GB"
"750","112733700","NL53045602","STICHTING ADMINISTRATIEKANTOOR SPAANSEN","NL"
"751","263702827","VG*110022615997","MF JEBSEN SHIPPING LIMITED","VG"
"752","160728471","AE*110313805029","EMIRATES SHIPPING HOLDING DMCCO","AE"
"753","289065382","DE2151789710","RHL BULK INVEST GMBH","DE"
"754","386255510","LULB225860","SAEV AI SCS SICAV-RAIF","LU"
"755","266127417","DE2151777547","UNITED WIND LOGISTICS GMBH","DE"
"756","313245336","DE8190947119","MINSHIP SHIPMANAGEMENT GMBH & CO. KG","DE"
"757","604392116","NL91782708","COSH B.V.","NL"
"758","060522810","DE2210167958","MK VERWALTUNGS KG","DE"
"759","134209435","CYC215756","BALTIC BREEZE SHIPPING COMPANY LIMITED","CY"
"760","003001819","ESA11902269","ALBACORA, SOCIEDAD ANONIMA","ES"
"761","132987162","AU009154349","BHAGWAN MARINE LIMITED","AU"
"762","498392965","GBJE132949","ALISIO HOLDINGS LIMITED","GB"
"763","688826245","DE*110365587135","COSCO SHIPPING","DE"
"764","163388306","TR93336F","ADATRANS DENIZCILIK VE TICARET ANONIM SIRKETI","TR"
"765","074015887","TR268713F","ASIL HOLDING ANONIM SIRKETI","TR"
"766","572634590","MH*110349231899","DEVBULK TRADING LTD","MH"
"767","168784915","NL59039477","CEO NL REEDEREI NORD HOLDING C.V.","NL"
"768","503303640","NL82483132","AMASUS SHORT-SEA B.V.","NL"
"769","541950854","CW*D00444442","CALDERA HOLDING B.V.","CW"
"770","367401847","GBLP018762","ALBATROSS INVESTMENT LP","GB"
"771","076101325","DK31859840","VESSO HOLDING APS","DK"
"772","036750393","DKFO4038","P/F HH","DK"
"773","080208689","GB07192004","ADVANCE SHIPPING HOLDING LIMITED","GB"
"774","059959537","DE2190004116","TUI AG","DE"
"775","146081162","NL56396414","STICHTING ADMINISTRATIEKANTOOR H.J. DAMMES","NL"
"776","085571177","NL50714899","STICHTING ADMINISTRATIEKANTOOR VLOOTFONDS HANZEVAST 3 - MS HANZE GDANSK","NL"
"777","005486545","NL23071906","MAASKADE BEVRACHTERS CAPITAL B.V.","NL"
"778","047963059","IN33100FI","GLOBAL OFFSHORE SERVICES LIMITED","IN"
"779","037564903","NL01090394","BLUE TREE B.V.","NL"
"780","005501264","NL24263326","NAUTICA HOLDING B.V.","NL"
"781","187167624","NL60821841","GLOBAL SEATRADE INVEST B.V.","NL"
"782","373037258","BE0688992186","VR@SEA","BE"
"783","369633927","LULB94789","STORE INVEST S.A.","LU"
"784","074229289","LULB48933","DAIRO SPF S.A","LU"
"785","701874038","YY*110371749229","HTC INVESTMENTS","n.a."
"786","065628662","NL01141332","ELAN HOLDING B.V.","NL"
"787","005402105","NL05055343","STEENSTRA SHIPPING B.V.","NL"
"788","008989579","NL32067248","HANZEVAST CAPITAL N.V.","NL"
"789","005393912","NL02050729","SBI HOLDING B.V.","NL"
"790","372667619","NL70491178","DELFVEEN INVEST B.V.","NL"
"791","007153987","GB04221248","SEACON GROUP LIMITED","GB"
"792","015951904","NL02094049","STICHTING ADMINISTRATIEKANTOOR B-W SHIPPING","NL"
"793","007384165","GB04119774","ATLANTIC PACIFIC GROUP LIMITED","GB"
"794","368025039","CHCHE228492846","LIGHTSHIP S.A.","CH"
"795","036763428","GB05643129","YORKSHIRE GROUP HOLDINGS LIMITED","GB"
"796","003933069","GB00477145","INTERNATIONAL FOUNDATION FOR AIDS TO NAVIGATION","GB"
"797","131560410","NL54270944","STICHTING ADMINISTRATIEKANTOOR VAN WIJNGAARDEN HOLDING","NL"
"798","319866385","GI85790","LIBERTÃ© INVESTMENTS LIMITED","GI"
"799","534919519","AE0118040280","VALOUR GROUP DMCC","AE"
"800","614932655","YY*110359581846","UTC OVERSEAS HOLDINGS IRELAND LTD","n.a."
"801","197405906","SG200918639D","SYNERGY MARINE PTE. LTD.","SG"
"802","001077458","NL24310418","STICHTING ADMINISTRATIEKANTOOR PPF PARTICIPATIE FONDS","NL"
"803","561344020","DK43667637","ULTRANAV INTERNATIONAL APS","DK"
"804","048981179","DE2151224138","COSCO SHIPPING LINES (EUROPE) GMBH","DE"
"805","155891404","DK35205918","HOLDINGSELSKABET AF 10. JANUAR 2013 II A/S","DK"
"806","050189756","LULB29027","D'AMICO INTERNATIONAL S.A.","LU"
"807","409330691","DK40447865","STENA DENMARK HOLDING A/S","DK"
"808","004497078","GB03057136","HUTCHISON PORTS EUROPE LIMITED","GB"
"809","052140793","LULB73723","SOFIDRA S.A.","LU"
"810","108830963","MTC44625","WILHELMSEN LINES MALTA LIMITED","MT"
"811","005495073","NL24179673","HAL INVESTMENTS B.V.","NL"
"812","062075760","MTC34440","PALMALI HOLDING COMPANY LIMITED","MT"
"813","005507109","NL27114475","DFDS HOLDING B.V.","NL"
"814","240990008","CYC220195","VOJE HOLDING LIMITED","CY"
"815","009730509","IE318571","GEOPOST IRELAND LIMITED","IE"
"816","514651066","NO827669962","GRAM CAR CARRIERS ASA","NO"
"817","191163427","GB09201671","SUBSEA 7 INTERNATIONAL HOLDINGS (UK) LIMITED","GB"
"818","004008298","GB01012921","DEN NORSKE NOMINEES LIMITED","GB"
"819","618405776","GB*110360848206","SEATRUCK FERRIES HOLDING LTD.","GB"
"820","417854064","NL75616564","IIF DUTCH CHANE HOLDCO B.V.","NL"
"821","002935486","DK52020212","MIBAU STEMA DANMARK A/S","DK"
"822","012192548","GB05005018","""K"" LINE HOLDING (EUROPE) LIMITED","GB"
"823","008930944","DK26523567","THOPAS HOLDING A/S","DK"
"824","593181401","DK44315181","CHRISTIANIA HOLDING A/S","DK"
"825","383139727","DK39679116","BRADLEY CAIRNS APS","DK"
"826","046129320","GB05965116","PEEL PORTS GROUP LIMITED","GB"
"827","547031036","MTC102442","AOM MALTA HOLDING LIMITED","MT"
"828","557693326","DK43520636","ZAPPY TOPCO APS","DK"
"829","317479084","IT09853890961","PS NAVI S.P.A.","IT"
"830","109451068","CYC187012","XENES INVESTMENTS LIMITED","CY"
"831","057125525","SE5567268569","CORRAL PETROLEUM HOLDINGS AB","SE"
"832","122562279","GB02171790","BT GLOBENET NOMINEES LIMITED","GB"
"833","157533188","MTC52329","EDDA ACCOMMODATION MANAGEMENT LTD","MT"
"834","417846879","IT10940510968","FI.NAV. HOLDING S.P.A.","IT"
"835","004230811","GB02216271","COSCO SHIPPING (UK) COMPANY LIMITED","GB"
"836","298550965","IT02391860992","MEDTUG S.P.A.","IT"
"837","009433556","BE0475119361","CARE CARROSSERIE","BE"
"838","188032503","NO913749340","SEALOADING HOLDING AS","NO"
"839","525046549","NO927818795","AURORA OFFSHORE AS","NO"
"840","574888949","NO931050885","FALCON BIDCO AS","NO"
"841","004378944","GB02766012","STENA (UK) LIMITED","GB"
"842","651229150","GB15712788","VICTORIA GROUP INVESTMENTS LIMITED","GB"
"843","005492825","NL24153965","SEALINER HOLDING B.V.","NL"
"844","580019081","GB14924725","YUSHI HOLDINGS LTD","GB"
"845","317474831","IT09698440964","RB ITALY HOLDING S.P.A.","IT"
"846","313742300","MTC78930","ASKA MARINE HOLDING LIMITED","MT"
"847","417022868","MTC92727","PREMUDA MALTA HOLDING LIMITED","MT"
"848","616513213","MTC107812","MLF INTERNATIONAL HOLDING LIMITED","MT"
"849","375499354","MTC84479","PEC HOLDINGS LTD","MT"
"850","050356556","NO937019661","EIMSKIP NORWAY AS","NO"
"851","005694820","NO981122607","NEXANS NORWAY AS","NO"
"852","263737212","FR815304399","HEIDELBERG MATERIALS FRANCE","FR"
"853","314851004","MTC79908","RIVER KING LOGISTICS LIMITED","MT"
"854","015098452","LULB23371","DEME LUXEMBOURG SA","LU"
"855","387245512","MTC88131","CINER MARITIME INVESTMENT LIMITED","MT"
"856","005622909","NO947044834","SAMSKIP AS","NO"
"857","002342991","DE2150958997","BARBER SHIP MANAGEMENT GERMANY GMBH & CO. KG","DE"
"858","008129390","GBNI015307","JENKINSON AGENCIES (NI) LIMITED","GB"
"859","420730253","FR877765982","PRIMEVERE LNG SHIPPING","FR"
"860","018375113","MTC35835","KIRAN INTERNATIONAL HOLDING COMPANY LTD.","MT"
"861","017524884","GB05564629","CLDN RORO HOLDING LTD","GB"
"862","372663094","MTC84247","DOHLE (MALTA) LIMITED","MT"
"863","009757355","NO985030235","ALTERA NORWAY HOLDINGS AS","NO"
"864","008844558","NL36010880","ARKLOW HOLDING NEDERLAND B.V.","NL"
"865","004067122","GB01380120","CRH (UK) LIMITED","GB"
"866","005611310","NO935705541","CENTENNIAL AS","NO"
"867","003906098","GB00165746","ISLES OF SCILLY STEAMSHIP COMPANY LIMITED","GB"
"868","133372698","IE510316","CANTOR FITZGERALD IRELAND HOLDINGS LIMITED","IE"
"869","008474067","GB04352407","GLOBAL MARINE HOLDINGS LIMITED","GB"
"870","057087368","GB05940837","LIBRA GROUP LIMITED","GB"
"871","383486565","MTC86826","SICTUS HOLDINGS LIMITED","MT"
"872","370181680","MTC83562","ARSLAND HOLDING LIMITED","MT"
"873","108832390","MTC48194","ELISE TRUSTEES LIMITED","MT"
"874","004697963","GB03452566","NYK GROUP EUROPE LIMITED","GB"
"875","123614096","CYC279673","CORESTAR HOLDINGS LTD","CY"
"876","174867906","MTC61488","RF MALTA HOLDING LTD","MT"
"877","030507987","GB05641351","PD PORTS ACQUISITIONS (UK) LIMITED","GB"
"878","486584495","GB12941247","ANAVATOS HOLDCO LIMITED","GB"
"879","378184281","NO920647332","AQUASHIP AS","NO"
"880","109301357","CYC250670","SCF SUPPLY VESSELS LIMITED","CY"
"881","479344535","GB12682702","AVENIR LNG (UK) LIMITED","GB"
"882","135860386","GB08093328","ALCEDO SHIPPING LIMITED","GB"
"883","486584552","GB12941304","FULMAR HOLDCO LIMITED","GB"
"884","005630738","NO955514262","CLARKSONS NORWAY AS","NO"
"885","065747445","CYC217918","STIMWELL HOLDINGS LTD","CY"
"886","130926500","DE2151594068","GUOYU NORDIC GERMANY GNG GMBH","DE"
"887","314850935","MTC73450","ELCANO TANKERS LIMITED","MT"
"888","114548914","MTC35548","EUROLEVANT SHIPPING LIMITED","MT"
"889","416019558","NL75380900","BOLUDA EUROPE B.V.","NL"
"890","174861107","MTC54618","BULKMAX HOLDING LTD.","MT"
"891","576121975","MTC105121","HERCULES SHIPPING GROUP HOLDINGS LIMITED","MT"
"892","509827720","IT11909140961","ITELYUM GROUP S.R.L.","IT"
"893","176337168","MTC47602","DENSA MARINE LTD","MT"
"894","098582320","MTC41515","GSP DRILLING LIMITED","MT"
"895","229775449","MTC70172","VALLOEBY SHIPHOLDING LTD","MT"
"896","659306038","MTC109038","SPANACO SHIPPING LIMITED","MT"
"897","174863032","MTC56708","RISEDAY LIMITED","MT"
"898","004081548","GB01463763","CHANDRIS FOUNDATION TRUSTEES LIMITED","GB"
"899","137373515","MTC52386","THE ADDAX AND ORYX GROUP PLC","MT"
"900","003100431","ESB38001855","REMOLQUES Y SERVICIOS MARITIMOS SL REYSER","ES"
"901","006112645","SE5560977323","AKTIEBOLAGET FINNLINES SCANDINAVIA LTD","SE"
"902","192376975","MTC66811","AST GROUP P.L.C","MT"
"903","174867798","MTC61380","TTG (MALTA) LIMITED","MT"
"904","376287617","MTC85034","VESSEL HOLDING COMPANY LIMITED","MT"
"905","306717969","MTC77664","SOUTH SAIL HOLDING LIMITED","MT"
"906","002334910","DE2150643541","CONTAINERSHIPS - CMA CGM GMBH","DE"
"907","559652505","MTC103581","DRAGON SHIPPING MALTA LIMITED","MT"
"908","135629590","MTC46101","BLACK SEA FERRIES LIMITED","MT"
"909","112176927","GB07705030","VOUVRAY ACQUISITION LIMITED","GB"
"910","005092127","GBSC132816","BUE MARINE LIMITED","GB"
"911","225172867","NO914961947","G2 OCEAN LTD","NO"
"912","031330999","NO988088676","FONNES REDERI AS","NO"
"913","407900995","MTC91262","IRIS EXPRESS SHIPPING LTD","MT"
"914","529523602","FR905385126","JIFMAR SAS","FR"
"915","372471905","MTC84100","CONTAINER HOLDING COMPANY LIMITED","MT"
"916","004103369","GB01589650","ESSO UK LIMITED","GB"
"917","130951993","CYC289580","AOS CYPRUS HOLDING LIMITED","CY"
"918","018387052","PT512001456","EMPRESA BARCOS DO PICO - TRANSPORTE MARITIMO DE MERCADORIAS DE SIMAS E SIMAS, LDA","PT"
"919","615885499","MTC107523","AFFINITY (MALTA) HOLDINGS LIMITED","MT"
"920","389904535","MTC88539","MEROS LTD","MT"
"921","176404729","MTC64235","OF TRADER LTD","MT"
"922","157489254","IE527028","ION INVESTMENT CORPORATION LIMITED","IE"
"923","297353706","CYC143119","CAPSTANS HOLDING LIMITED","CY"
"924","314350304","MTC79710","CRUISE YACHT UPPER HOLDCO LTD","MT"
"925","109712980","CYC34265","TRIDENT TRUST COMPANY (CYPRUS) LIMITED","CY"
"926","172257376","NO*B000072427","TPO INVESTMENTS AS","NO"
"927","078497791","NO991764569","COSL CRAFT LTD","NO"
"928","005594358","NO912864227","OMYA HUSTADMARMOR AS","NO"
"929","048972107","CYC169423","STENA HOLDING (CYPRUS) LIMITED","CY"
"930","130508426","CYC249225","SAS SHIPPING AGENCIES SERVICES (CY) LTD","CY"
"931","007244846","GBSC212855","STIRLING SHIPPING HOLDINGS LIMITED","GB"
"932","007531435","GB04217425","DFDS SEAWAYS (HOLDINGS) LIMITED","GB"
"933","005500260","NL24253106","MITSUI O.S.K. HOLDINGS (BENELUX) B.V.","NL"
"934","004127819","GB01722136","TOTALENERGIES HOLDINGS UK LIMITED","GB"
"935","418365543","NL75728389","NIETO HOLDING B.V.","NL"
"936","530020853","IE533826","RUDMO UNLIMITED COMPANY","IE"
"937","008968390","IE301993","LAKEVIEW MARINA LIMITED","IE"
"938","197225928","IE553016","BOSSAN VENTURES LIMITED","IE"
"939","005478856","NL21016805","DC DREDGING B.V.","NL"
"940","005562797","NL34072507","KOOLE HOLDING B.V.","NL"
"941","530425484","NL84851554","TRANSTAL SHIPPING B.V.","NL"
"942","007398567","NL34101606","LOWLAND INTERNATIONAL B.V.","NL"
"943","654076544","DE2290419326","AHLMARK LINES GMBH","DE"
"944","160170372","DE2151662576","BALTRADER CAPITAL GMBH & CO. KG","DE"
"945","115001287","DE2151574722","V. SHIPS GERMANY HOLDING GMBH","DE"
"946","002341470","DE2150892781","MPC MUENCHMEYER PETERSEN CAPITAL AG","DE"
"947","061911915","GB06038090","P&O FERRIES DIVISION HOLDINGS LIMITED","GB"
"948","004323093","GB02590812","FII HOLDINGS LIMITED","GB"
"949","489506290","IE679268","BARTOLOMEO LEASING SERVICES LIMITED","IE"
"950","008321299","BE0407735837","CEVA GROUND LOGISTICS BENELUX","BE"
"951","033134656","NL34280544","RHENUS ASSETS & SERVICES B.V.","NL"
"952","263242739","GB09901935","FURADINO HOLDINGS LIMITED","GB"
"953","137276909","GBRC000404","THE PENINSULAR AND ORIENTAL STEAM NAVIGATION COMPANY","GB"
"954","189939952","GBSC483951","RIGMAR GROUP (HOLDINGS) LIMITED","GB"
"955","384643817","IE629719","INISHBOFIN MARINE SERVICES LIMITED","IE"
"956","069443798","TR249084F","CALIK HOLDING ANONIM SIRKETI","TR"
"957","192848759","NL61421049","FLORIAN BEENTJES BEHEER B.V.","NL"
"958","042314915","NL24187887","ANTHONY VEDER GROUP N.V.","NL"
"959","486652707","GB12930687","PGS HOLDING I LTD","GB"
"960","005393262","NL02041078","THUN TANKERS B.V.","NL"
"961","005393626","NL02046436","SEATRADE HOLDING B.V.","NL"
"962","163230861","TR263869F","STATU GEMI KIRALAMA VE TICARET LIMITED SIRKETI","TR"
"963","410988001","GBSC631531","LNG9 LIMITED","GB"
"964","289310627","NL66042674","CHRISTIANIA SHIPPING HOLDING B.V.","NL"
"965","059945202","NL24443389","E.W.J. SUIKER HOLDING B.V.","NL"
"966","149932627","NL56772378","CWG HOLDING B.V.","NL"
"967","015955325","LULB45000","SEIF - SOCIETE EUROPEENNE D'INVESTISSEMENT FINANCIER S.A.","LU"
"968","009541685","DK27309224","ENDEAVOUR INVEST APS","DK"
"969","157077368","GB08522964","ONE GROUP CONSTRUCTION LIMITED","GB"
"970","308654241","NL67548253","DUTCH OFFSHORE HOLDING B.V.","NL"
"971","409307439","DE2151911205","MPCC SECOND FINANCING GMBH & CO. KG","DE"
"972","015100761","LULB64304","2LP","LU"
"973","251656069","DE2250398323","VERTOM HOLDING GMBH & CO. KG","DE"
"974","248440996","DE2250396299","RUNGHOLT SCHIFFFAHRTSBETEILIGUNGS GMBH","DE"
"975","005496848","NL24199029","SKIBS HASSEL HOLDING B.V.","NL"
"976","032617876","NL24391558","ROTTERDAM HARBOUR HOLDING B.V.","NL"
"977","005484056","NL23049923","DAMEN HOLDING B.V.","NL"
"978","005491211","NL24129791","MAERSK HOLDING B.V.","NL"
"979","261763600","DE2151766138","JEBSEN SHIPPING P. HOLDING GMBH & CO. KG","DE"
"980","164335869","DE2151672701","CHRISTIAN OLDENDORFF SCHIFFFAHRTSHOLDING GMBH & CO. KG","DE"
"981","134304201","DE2151602338","EARTHBANK SHIPPING GMBH & CIE. KG","DE"
"982","162699321","TR171024F","MARINPEKS DENIZCILIK TICARET VE SANAYI ANONIM SIRKETI","TR"
"983","017677034","NL02095999","CALDERA HOLDING B.V.","NL"
"984","492378595","NL81023782","TRANSPHARMA INTERNATIONAL HOLDING B.V.","NL"
"985","081816837","CHCHE114530428","A-ROSA REEDEREI GMBH","CH"
"986","492346463","GB13060850","MAVEGA GROUP LIMITED","GB"
"987","003967525","GB00724907","HOLYHEAD TOWING GROUP LIMITED","GB"
"988","037565002","NL02092628","SEACON SHIPPING B.V.","NL"
"989","575322800","TR2810864F","VALOUR HOLDING ANONIM SIRKETI","TR"
"990","469608869","DE2151943266","DSHIP CARRIERS GMBH & CO. KG","DE"
"991","002321022","DE2150155456","CUPH HOLDING GERMANY GMBH","DE"
